mc2	20000000	1	3.41	3.07	0.02	0.02	AB
mc2	20000000	2	3.39	3.12	0.02	0.02	BA
mc2	20000000	3	3.44	3.12	0.02	0.02	AB
mc2	20000000	4	3.42	3.15	0.02	0.02	BA
mc2	20000000	5	3.41	3.14	0.02	0.02	AB
missload	10000000	1	2.82	2.80	0.03	0.02	AB
missload	10000000	2	2.81	2.81	0.03	0.02	BA
missload	10000000	3	2.81	2.82	0.03	0.02	AB
missload	10000000	4	2.80	2.82	0.03	0.02	BA
missload	10000000	5	2.82	2.82	0.03	0.02	AB
arrload	10000000	1	2.96	2.99	0.02	0.02	AB
arrload	10000000	2	2.97	2.99	0.02	0.02	BA
arrload	10000000	3	2.96	2.98	0.02	0.02	AB
arrload	10000000	4	2.96	2.99	0.02	0.02	BA
arrload	10000000	5	2.95	2.98	0.02	0.02	AB
strmap	10000000	1	1.04	1.03	0.02	0.02	AB
strmap	10000000	2	1.04	1.03	0.02	0.02	BA
strmap	10000000	3	1.04	1.03	0.02	0.02	AB
strmap	10000000	4	1.04	1.03	0.02	0.02	BA
strmap	10000000	5	1.03	1.02	0.02	0.02	AB
arrfilter	10000000	1	1.80	1.84	0.02	0.02	AB
arrfilter	10000000	2	1.82	1.84	0.02	0.02	BA
arrfilter	10000000	3	1.79	1.84	0.02	0.02	AB
arrfilter	10000000	4	1.82	1.83	0.02	0.02	BA
arrfilter	10000000	5	1.81	1.84	0.02	0.02	AB
arrmap	10000000	1	1.16	1.16	0.03	0.02	AB
arrmap	10000000	2	1.16	1.17	0.03	0.02	BA
arrmap	10000000	3	1.16	1.16	0.03	0.02	AB
arrmap	10000000	4	1.17	1.16	0.03	0.02	BA
arrmap	10000000	5	1.16	1.16	0.03	0.02	AB
refl	10000000	1	3.78	3.57	0.02	0.02	AB
refl	10000000	2	3.56	3.53	0.02	0.02	BA
refl	10000000	3	3.58	3.56	0.02	0.02	AB
refl	10000000	4	3.56	3.59	0.02	0.02	BA
refl	10000000	5	3.57	3.54	0.02	0.02	AB
hostargs	10000000	1	1.99	2.00	0.03	0.02	AB
hostargs	10000000	2	1.98	1.98	0.03	0.02	BA
hostargs	10000000	3	1.99	1.99	0.03	0.02	AB
hostargs	10000000	4	1.99	1.99	0.03	0.02	BA
hostargs	10000000	5	1.98	2.00	0.03	0.02	AB
backtrace	2400000	1	1.11	1.11	0.03	0.02	AB
backtrace	2400000	2	1.12	1.13	0.03	0.02	BA
backtrace	2400000	3	1.11	1.11	0.03	0.02	AB
backtrace	2400000	4	1.12	1.12	0.03	0.02	BA
backtrace	2400000	5	1.11	1.13	0.03	0.02	AB
objdropdef	3000000	1	3.09	3.10	0.02	0.03	AB
objdropdef	3000000	2	3.09	3.08	0.02	0.03	BA
objdropdef	3000000	3	3.09	3.07	0.02	0.03	AB
objdropdef	3000000	4	3.10	3.09	0.02	0.03	BA
objdropdef	3000000	5	3.09	3.10	0.02	0.03	AB
objchurn	3000000	1	3.57	3.57	0.02	0.02	AB
objchurn	3000000	2	3.57	3.61	0.02	0.02	BA
objchurn	3000000	3	3.55	3.55	0.02	0.02	AB
objchurn	3000000	4	3.57	3.56	0.02	0.02	BA
objchurn	3000000	5	3.59	3.57	0.02	0.02	AB
objdatains	3000000	1	2.88	2.90	0.02	0.02	AB
objdatains	3000000	2	2.90	2.91	0.02	0.02	BA
objdatains	3000000	3	2.88	2.90	0.02	0.02	AB
objdatains	3000000	4	2.89	2.91	0.02	0.02	BA
objdatains	3000000	5	2.89	2.90	0.02	0.02	AB
objalloc	3000000	1	2.43	2.41	0.02	0.02	AB
objalloc	3000000	2	2.42	2.41	0.02	0.02	BA
objalloc	3000000	3	2.43	2.43	0.02	0.02	AB
objalloc	3000000	4	2.41	2.43	0.02	0.02	BA
objalloc	3000000	5	2.41	2.42	0.02	0.02	AB
objallocni	3000000	1	2.23	2.22	0.02	0.02	AB
objallocni	3000000	2	2.22	2.22	0.02	0.02	BA
objallocni	3000000	3	2.23	2.22	0.02	0.02	AB
objallocni	3000000	4	2.22	2.21	0.02	0.02	BA
objallocni	3000000	5	2.21	2.23	0.02	0.02	AB
objmap	3000000	1	0.37	0.38	0.03	0.02	AB
objmap	3000000	2	0.37	0.38	0.03	0.02	BA
objmap	3000000	3	0.37	0.39	0.03	0.02	AB
objmap	3000000	4	0.37	0.37	0.03	0.02	BA
objmap	3000000	5	0.37	0.37	0.03	0.02	AB
arith	150000000	1	7.03	7.08	0.02	0.02	AB
arith	150000000	2	7.00	7.03	0.02	0.02	BA
arith	150000000	3	7.03	7.06	0.02	0.02	AB
arith	150000000	4	7.01	7.08	0.02	0.02	BA
arith	150000000	5	6.99	7.07	0.02	0.02	AB
prop	90000000	1	6.97	7.11	0.02	0.02	AB
prop	90000000	2	7.00	7.16	0.02	0.02	BA
prop	90000000	3	6.97	7.16	0.02	0.02	AB
prop	90000000	4	6.98	7.15	0.02	0.02	BA
prop	90000000	5	6.99	7.15	0.02	0.02	AB
calls	60000000	1	6.43	6.44	0.02	0.02	AB
calls	60000000	2	6.39	6.54	0.02	0.02	BA
calls	60000000	3	6.38	6.48	0.02	0.02	AB
calls	60000000	4	6.39	6.47	0.02	0.02	BA
calls	60000000	5	6.38	6.52	0.02	0.02	AB
str	28000000	1	4.42	4.39	0.02	0.03	AB
str	28000000	2	4.43	4.41	0.02	0.03	BA
str	28000000	3	4.45	4.39	0.02	0.03	AB
str	28000000	4	4.42	4.39	0.02	0.03	BA
str	28000000	5	4.42	4.38	0.02	0.03	AB
arr	30000000	1	4.53	4.49	0.02	0.02	AB
arr	30000000	2	4.51	4.54	0.02	0.02	BA
arr	30000000	3	4.48	4.46	0.02	0.02	AB
arr	30000000	4	4.52	4.53	0.02	0.02	BA
arr	30000000	5	4.53	4.55	0.02	0.02	AB
re	12000000	1	5.51	5.48	0.03	0.02	AB
re	12000000	2	5.47	5.48	0.03	0.02	BA
re	12000000	3	5.48	5.50	0.03	0.02	AB
re	12000000	4	5.49	5.51	0.03	0.02	BA
re	12000000	5	5.53	5.52	0.03	0.02	AB
