mc3	20000000	1	4.06	3.62	0.00	0.00	AB
mc3	20000000	2	4.04	3.62	0.00	0.00	BA
mc3	20000000	3	4.05	3.62	0.00	0.00	AB
mc3	20000000	4	4.08	3.63	0.00	0.00	BA
mc3	20000000	5	4.04	3.64	0.00	0.00	AB
mc2	20000000	1	3.19	3.08	0.03	0.02	AB
mc2	20000000	2	3.14	3.07	0.03	0.02	BA
mc2	20000000	3	3.14	3.10	0.03	0.02	AB
mc2	20000000	4	3.15	3.09	0.03	0.02	BA
mc2	20000000	5	3.19	3.08	0.03	0.02	AB
missload	10000000	1	2.81	2.83	0.02	0.02	AB
missload	10000000	2	2.83	2.82	0.02	0.02	BA
missload	10000000	3	2.81	2.83	0.02	0.02	AB
missload	10000000	4	2.81	2.83	0.02	0.02	BA
missload	10000000	5	2.82	2.85	0.02	0.02	AB
arrload	10000000	1	2.97	3.00	0.03	0.02	AB
arrload	10000000	2	2.96	2.98	0.03	0.02	BA
arrload	10000000	3	2.96	2.98	0.03	0.02	AB
arrload	10000000	4	2.95	2.99	0.03	0.02	BA
arrload	10000000	5	2.97	3.00	0.03	0.02	AB
strmap	10000000	1	1.04	1.01	0.02	0.02	AB
strmap	10000000	2	1.04	1.02	0.02	0.02	BA
strmap	10000000	3	1.04	1.02	0.02	0.02	AB
strmap	10000000	4	1.04	1.01	0.02	0.02	BA
strmap	10000000	5	1.03	1.02	0.02	0.02	AB
arrfilter	10000000	1	1.84	1.82	0.03	0.03	AB
arrfilter	10000000	2	1.83	1.85	0.03	0.03	BA
arrfilter	10000000	3	1.83	1.83	0.03	0.03	AB
arrfilter	10000000	4	1.82	1.83	0.03	0.03	BA
arrfilter	10000000	5	1.83	1.82	0.03	0.03	AB
arrmap	10000000	1	1.16	1.16	0.03	0.02	AB
arrmap	10000000	2	1.16	1.16	0.03	0.02	BA
arrmap	10000000	3	1.16	1.16	0.03	0.02	AB
arrmap	10000000	4	1.16	1.16	0.03	0.02	BA
arrmap	10000000	5	1.17	1.16	0.03	0.02	AB
refl	10000000	1	3.56	3.59	0.02	0.03	AB
refl	10000000	2	3.57	3.49	0.02	0.03	BA
refl	10000000	3	3.55	3.51	0.02	0.03	AB
refl	10000000	4	3.53	3.52	0.02	0.03	BA
refl	10000000	5	3.56	3.57	0.02	0.03	AB
hostargs	10000000	1	1.98	2.00	0.03	0.02	AB
hostargs	10000000	2	2.00	2.01	0.03	0.02	BA
hostargs	10000000	3	2.00	2.00	0.03	0.02	AB
hostargs	10000000	4	1.99	2.01	0.03	0.02	BA
hostargs	10000000	5	2.00	2.00	0.03	0.02	AB
backtrace	2400000	1	1.12	1.11	0.02	0.02	AB
backtrace	2400000	2	1.12	1.11	0.02	0.02	BA
backtrace	2400000	3	1.11	1.11	0.02	0.02	AB
backtrace	2400000	4	1.12	1.11	0.02	0.02	BA
backtrace	2400000	5	1.12	1.11	0.02	0.02	AB
objdropdef	3000000	1	3.07	3.08	0.03	0.02	AB
objdropdef	3000000	2	3.07	3.09	0.03	0.02	BA
objdropdef	3000000	3	3.09	3.09	0.03	0.02	AB
objdropdef	3000000	4	3.09	3.09	0.03	0.02	BA
objdropdef	3000000	5	3.10	3.07	0.03	0.02	AB
objchurn	3000000	1	3.55	3.56	0.02	0.02	AB
objchurn	3000000	2	3.55	3.60	0.02	0.02	BA
objchurn	3000000	3	3.56	3.55	0.02	0.02	AB
objchurn	3000000	4	3.56	3.55	0.02	0.02	BA
objchurn	3000000	5	3.55	3.55	0.02	0.02	AB
objdatains	3000000	1	2.90	2.88	0.03	0.02	AB
objdatains	3000000	2	2.92	2.90	0.03	0.02	BA
objdatains	3000000	3	2.89	2.89	0.03	0.02	AB
objdatains	3000000	4	2.92	2.91	0.03	0.02	BA
objdatains	3000000	5	2.89	2.91	0.03	0.02	AB
objalloc	3000000	1	2.42	2.41	0.02	0.02	AB
objalloc	3000000	2	2.44	2.41	0.02	0.02	BA
objalloc	3000000	3	2.42	2.41	0.02	0.02	AB
objalloc	3000000	4	2.40	2.41	0.02	0.02	BA
objalloc	3000000	5	2.42	2.43	0.02	0.02	AB
objallocni	3000000	1	2.23	2.21	0.03	0.02	AB
objallocni	3000000	2	2.22	2.23	0.03	0.02	BA
objallocni	3000000	3	2.22	2.22	0.03	0.02	AB
objallocni	3000000	4	2.21	2.22	0.03	0.02	BA
objallocni	3000000	5	2.21	2.22	0.03	0.02	AB
objmap	3000000	1	0.37	0.37	0.02	0.03	AB
objmap	3000000	2	0.38	0.38	0.02	0.03	BA
objmap	3000000	3	0.37	0.37	0.02	0.03	AB
objmap	3000000	4	0.38	0.38	0.02	0.03	BA
objmap	3000000	5	0.37	0.38	0.02	0.03	AB
arith	150000000	1	7.00	6.95	0.02	0.02	AB
arith	150000000	2	7.00	6.99	0.02	0.02	BA
arith	150000000	3	6.98	7.04	0.02	0.02	AB
arith	150000000	4	7.09	7.04	0.02	0.02	BA
arith	150000000	5	7.07	7.08	0.02	0.02	AB
prop	90000000	1	7.17	6.93	0.03	0.02	AB
prop	90000000	2	7.14	6.97	0.03	0.02	BA
prop	90000000	3	7.25	6.93	0.03	0.02	AB
prop	90000000	4	7.15	6.98	0.03	0.02	BA
prop	90000000	5	7.15	6.97	0.03	0.02	AB
calls	60000000	1	6.53	6.45	0.02	0.03	AB
calls	60000000	2	6.45	6.44	0.02	0.03	BA
calls	60000000	3	6.47	6.44	0.02	0.03	AB
calls	60000000	4	6.48	6.41	0.02	0.03	BA
calls	60000000	5	6.48	6.46	0.02	0.03	AB
str	28000000	1	4.41	4.37	0.02	0.02	AB
str	28000000	2	4.41	4.36	0.02	0.02	BA
str	28000000	3	4.43	4.37	0.02	0.02	AB
str	28000000	4	4.43	4.38	0.02	0.02	BA
str	28000000	5	4.38	4.38	0.02	0.02	AB
arr	30000000	1	4.51	4.47	0.02	0.03	AB
arr	30000000	2	4.49	4.48	0.02	0.03	BA
arr	30000000	3	4.51	4.52	0.02	0.03	AB
arr	30000000	4	4.50	4.51	0.02	0.03	BA
arr	30000000	5	4.52	4.51	0.02	0.03	AB
re	12000000	1	5.51	5.52	0.02	0.02	AB
re	12000000	2	5.50	5.51	0.02	0.02	BA
re	12000000	3	5.53	5.58	0.02	0.02	AB
re	12000000	4	5.51	5.50	0.02	0.02	BA
re	12000000	5	5.50	5.51	0.02	0.02	AB
